Price,INDIA_VIX,USD_INR,VIX_Change,USDINR_Change,Risk_Score
2008-03-31,35.13999938964844,39.88899993896485,,,
2008-04-30,26.15999984741211,40.38600158691406,-25.554922305666462,1.2459616653956784,-24.308960640270783
2008-05-31,26.68000030517578,42.53099822998047,1.9877693455533807,5.311237950729519,7.2990072962829
2008-06-30,30.959999084472656,42.85200119018555,16.041974251651638,0.7547505903089835,16.79672484196062
2008-07-31,39.060001373291016,42.43399810791016,26.162798864166458,-0.97545755312618,25.187341311040278
2008-08-31,31.670000076293945,43.625,-18.91961351043451,2.8067161832385112,-16.112897327196
2008-09-30,37.18999862670898,46.60100173950195,17.429739618305007,6.8217804916950175,24.251520110000023
2008-10-31,68.3499984741211,49.40299987792969,83.78596665242613,6.012742288440087,89.79870894086622
2008-11-30,57.43999862670898,49.869998931884766,-15.961960630537387,0.9452848108596479,-15.01667581967774
2008-12-31,43.09000015258789,48.06499862670898,-24.98258847006395,-3.6194111566778986,-28.601999626741847
2009-01-31,42.09999847412109,48.733001708984375,-2.2975207123719366,1.3897911190289713,-0.9077295933429652
2009-02-28,40.61000061035156,50.650001525878906,-3.539187453143089,3.9336789232523595,0.39449147010927055
2009-03-31,39.47999954223633,50.78400039672852,-2.7825684588322686,0.26455847347044426,-2.5180099853618243
2009-04-30,46.630001068115234,49.1879997253418,18.11043973855604,-3.1427234146948813,14.967716323861158
2009-05-31,40.29999923706055,46.96900177001953,-13.574955363625396,-4.511258777980009,-18.086214141605403
2009-06-30,42.540000915527344,47.80099868774414,5.558316925244133,1.771374494604805,7.329691419848938
2009-07-31,39.209999084472656,47.6259994506836,-7.827930793107285,-0.3660995415675439,-8.194030334674828
2009-08-31,34.5099983215332,48.75,-11.986740302681298,2.3600566125237865,-9.626683690157511
2009-09-30,25.270000457763672,47.810001373291016,-26.77484298225552,-1.928202311197913,-28.703045293453435
2009-10-31,25.38999938964844,46.917999267578125,0.47486715358526776,-1.8657228196843456,-1.3908556660990778
2009-11-30,27.559999465942383,46.45800018310547,8.546672424020052,-0.9804320125613941,7.566240411458658
2009-12-31,23.34000015258789,46.400001525878906,-15.31204424938183,-0.12484105428122172,-15.43688530366305
2010-01-31,26.1299991607666,46.09799957275391,11.953723178829367,-0.6508662568826762,11.302856921946692
2010-02-28,24.020000457763672,45.900001525878906,-8.0750048632647,-0.4295154859431993,-8.5045203492079
2010-03-31,19.8700008392334,44.79999923706055,-17.2772670251508,-2.3965190680836135,-19.673786093234412
2010-04-30,20.350000381469727,44.25,2.4156996575891876,-1.22767688934593,1.1880227682432576
2010-05-31,26.43000030517578,46.358001708984375,29.87714894218072,4.763845670021194,34.640994612201915
2010-06-30,20.06999969482422,46.400001525878906,-24.063566163130478,0.09059885099920173,-23.972967312131274
2010-07-31,18.940000534057617,46.36000061035156,-5.630289875181282,-0.0862088668359906,-5.716498742017273
2010-08-31,18.46999931335449,46.87300109863281,-2.4815269664748896,1.10655841571905,-1.3749685507558396
2010-09-30,22.25,44.68999862670898,20.46562440266271,-4.657270541159164,15.808353861503544
2010-10-31,20.76000022888184,44.41999816894531,-6.696628184800724,-0.6041630477972237,-7.300791232597947
2010-11-30,20.709999084472656,45.79999923706055,-0.2408532941132635,3.1067112224241633,2.8658579283109
2010-12-31,16.559999465942383,44.810001373291016,-20.03862772568512,-2.161567424150612,-22.200195149835732
2011-01-31,23.40999984741211,45.8380012512207,41.364737937084904,2.2941304316549838,43.65886836873989
2011-02-28,24.39999961853028,45.25,4.228961031913947,-1.2827811753791218,2.946179856534825
2011-03-31,22.18000030517578,44.61000061035156,-9.098357983860572,-1.4143632920407434,-10.512721275901315
2011-04-30,19.57999992370605,44.29999923706055,-11.722273875997246,-0.6949145237605814,-12.417188399757826
2011-05-31,16.81999969482422,45.08300018310547,-14.09601756709009,1.7674965226407435,-12.328521044449346
2011-06-30,18.40999984741211,44.7599983215332,9.453033183330906,-0.7164604402111419,8.736572743119764
2011-07-31,19.770000457763672,44.0099983215332,7.387292893121544,-1.675603279992055,5.711689613129489
2011-08-31,24.8799991607666,45.93999862670898,25.84723613901705,4.385367822728292,30.23260396174534
2011-09-30,31.940000534057617,48.86000061035156,28.37621226460476,6.3561211818254915,34.73233344643025
2011-10-31,22.65999984741211,48.62799835205078,-29.054478808634478,-0.4748306496165422,-29.52930945825102
2011-11-30,26.549999237060547,51.90299987792969,17.166811190833677,6.734806360255607,23.901617551089284
2011-12-31,27.11000061035156,53.0,2.109233105021402,2.113558223321088,4.22279132834249
2012-01-31,22.65999984741211,52.49300003051758,-16.414609600710527,-0.9566037160045671,-17.371213316715092
2012-02-29,26.93000030517578,49.06800079345703,18.843779728671663,-6.524678023868658,12.319101704803005
2012-03-31,22.3799991607666,51.3380012512207,-16.895659461001557,4.626233840907501,-12.269425620094056
2012-04-30,17.81999969482422,52.53799819946289,-20.375333498386894,2.3374438408111153,-18.03788965757578
2012-05-31,25.25,56.22800064086914,41.69472745464642,7.023492648876695,48.718220103523116
2012-06-30,19.07999992370605,56.79800033569336,-24.43564386651069,1.0137292600262082,-23.421914606484485
2012-07-31,16.010000228881836,55.42300033569336,-16.090145215408924,-2.4208598751247146,-18.51100509053364
2012-08-31,17.299999237060547,55.62799835205078,8.057457774744869,0.3698789584031248,8.427336733147992
2012-09-30,16.15999984741211,53.007999420166016,-6.5895921382834395,-4.709856564141813,-11.299448702425252
2012-10-31,14.399999618530272,53.95800018310547,-10.891090628096055,1.7921837709989896,-9.098906857097067
2012-11-30,15.149999618530272,54.8380012512207,5.208333471307047,1.6309000799306306,6.839233551237678
2012-12-31,14.949999809265137,54.75299835205078,-1.3201307874655677,-0.15500728916160167,-1.4751380766271693
2013-01-31,14.130000114440918,53.303001403808594,-5.484947861444322,-2.6482512225522337,-8.133199083996555
2013-02-28,14.859999656677246,53.858001708984375,5.166309528124247,1.0412177373864129,6.2075272655106595
2013-03-31,15.220000267028809,54.38800048828125,2.422615199656475,0.9840669213103448,3.4066821209668197
2013-04-30,15.100000381469728,54.22800064086914,-0.7884355023241141,-0.2941822570708075,-1.0826177593949216
2013-05-31,16.989999771118164,56.37799835205078,12.516551933123043,3.964737194388257,16.4812891275113
2013-06-30,17.950000762939453,60.1879997253418,5.650388491783409,6.757957864164621,12.40834635594803
2013-07-31,18.770000457763672,60.80799865722656,4.568243231037816,1.030103898973267,5.598347130011083
2013-08-31,27.809999465942383,67.38999938964844,48.161954116732986,10.824235096972146,58.98618921370513
2013-09-30,26.64999961853028,62.90999984741211,-4.171160984137023,-6.647869984881593,-10.819030969018616
2013-10-31,18.38999938964844,61.31999969482422,-30.994372784675374,-2.527420372666389,-33.52179315734176
2013-11-30,21.3799991607666,62.41299819946289,16.25883561910939,1.7824502773618356,18.041285896471226
2013-12-31,15.119999885559082,61.77999877929688,-29.279698414090404,-1.0142108830327845,-30.29390929712319
2014-01-31,16.81999969482422,62.310001373291016,11.243385067011701,0.8578870256820803,12.101272092693781
2014-02-28,14.18000030517578,62.02000045776367,-15.6955971316742,-0.4654163202308159,-16.161013451905017
2014-03-31,21.6200008392334,59.84000015258789,52.46826779927485,-3.5149956289671214,48.95327217030773
2014-04-30,30.59000015258789,60.417999267578125,41.4893569156427,0.9659076094859165,42.45526452512862
2014-05-31,16.34000015258789,58.900001525878906,-46.5838506993092,-2.5124925686074717,-49.09634326791667
2014-06-30,17.8700008392334,60.03799819946289,9.363529206596667,1.9320825876107728,11.295611794207439
2014-07-31,13.81999969482422,60.25,-22.663687488572716,0.35311270677742534,-22.31057478179529
2014-08-31,13.06999969482422,60.61000061035156,-5.42691763069203,0.5975113864756132,-4.8294062442164165
2014-09-30,13.149999618530272,61.553001403808594,0.6120881834276615,1.5558501632748412,2.1679383467025026
2014-10-31,13.300000190734863,61.43299865722656,1.1406887951024736,-0.19495839982647256,0.945730395276001
2014-11-30,12.899999618530272,61.85300064086914,-3.0075230561518507,0.6836748861732023,-2.3238481699786484
2014-12-31,15.119999885559082,63.37799835205078,17.209304904473633,2.4655193691185406,19.674824273592172
2015-01-31,20.170000076293945,61.79600143432617,33.39947241374026,-2.4961295068628764,30.903342906877388
2015-02-28,19.56999969482422,61.75400161743164,-2.9747168031740046,-0.06796526623031873,-3.0426820694043233
2015-03-31,14.489999771118164,62.50899887084961,-25.958099146264114,1.2225883888386857,-24.73551075742543
2015-04-30,17.229999542236328,63.44200134277344,18.90959154174454,1.4925890492207605,20.4021805909653
2015-05-31,16.65999984741211,63.82500076293945,-3.3081817177473716,0.6037000915161794,-2.704481626231192
2015-06-30,16.93000030517578,63.7239990234375,1.6206510218282677,-0.158247925255961,1.4624030965723067
2015-07-31,14.56999969482422,64.11799621582031,-13.939755273542842,0.6182869851559358,-13.321468288386907
2015-08-31,24.600000381469727,66.14299774169922,68.84008851564023,3.158242062123673,71.99833057776391
2015-09-30,19.6299991607666,65.91999816894531,-20.203256681438276,-0.3371476654637884,-20.540404346902065
2015-10-31,17.8799991607666,65.44400024414062,-8.914926514605403,-0.722084250646915,-9.637010765252318
2015-11-30,16.43000030517578,66.9000015258789,-8.109613666942995,2.2248048351363403,-5.884808831806654
2015-12-31,13.869999885559082,66.45500183105469,-15.581256068572602,-0.6651714270171971,-16.2464274955898
2016-01-31,17.239999771118164,68.09300231933594,24.297043355189917,2.4648264888254223,26.76186984401534
2016-02-29,20.15999984741211,68.7300033569336,16.93735565580323,0.935486784104933,17.872842439908162
2016-03-31,16.579999923706055,66.36799621582031,-17.757936263901364,-3.4366463345661957,-21.19458259846756
2016-04-30,16.540000915527344,66.43800354003906,-0.241248542598127,0.10548355865844794,-0.13576498393967906
2016-05-31,16.049999237060547,67.13300323486328,-2.962525098815416,1.04608756704343,-1.9164375317719862
2016-06-30,16.290000915527344,67.41600036621094,1.495337631621907,0.42154695561227307,1.91688458723418
2016-07-31,14.920000076293944,67.00700378417969,-8.41007220526022,-0.6066758333474809,-9.016748038607702
2016-08-31,13.239999771118164,67.12660217285156,-11.26005560713833,0.17848639980544423,-11.081569207332887
2016-09-30,17.18000030517578,66.81629943847656,29.75831270520386,-0.4622649208073537,29.296047784396507
2016-10-31,14.649999618530272,66.78140258789062,-14.726429812014041,-0.05222805045955736,-14.7786578624736
2016-11-30,16.850000381469727,68.60800170898438,15.01707044522207,2.7351913112183768,17.752261756440447
2016-12-31,15.470000267028809,67.93299865722656,-8.189911472990419,-0.9838547034513367,-9.173766176441756
2017-01-31,16.829999923706055,67.82099914550781,8.79120642018223,-0.16486761063481126,8.626338809547418
2017-02-28,13.789999961853027,66.69319915771484,-18.062982624087876,-1.6629067722421897,-19.725889396330068
2017-03-31,12.420000076293944,64.79000091552734,-9.934734513044841,-2.8536616420016814,-12.788396155046522
2017-04-30,10.859999656677246,64.05999755859375,-12.56038977482996,-1.1267222513013486,-13.68711202613131
2017-05-31,11.760000228881836,64.61859893798828,8.287298348589056,0.871997191201257,9.159295539790314
2017-06-30,11.729999542236328,64.78510284423828,-0.2551078746735769,0.2576717988110211,0.002563924137444218
2017-07-31,11.899999618530272,64.12349700927734,1.4492760692941475,-1.021231434256764,0.42804463503738344
2017-08-31,11.949999809265137,63.976200103759766,0.4201696835099522,-0.2297081606392526,0.19046152287069962
2017-09-30,12.489999771118164,65.36000061035156,4.518828204786685,2.162992650935003,6.681820855721687
2017-10-31,12.4399995803833,64.84239959716797,-0.4003217906415335,-0.7919232073899551,-1.1922449980314886
2017-11-30,13.550000190734863,64.41480255126953,8.922834789334955,-0.6594405027495531,8.263394286585402
2017-12-31,12.670000076293944,64.06199645996094,-6.494465697813356,-0.5477096526497749,-7.042175350463131
2018-01-31,15.93000030517578,63.769901275634766,25.730072685488146,-0.45595704234527856,25.274115643142867
2018-02-28,13.8100004196167,64.91000366210938,-13.308222504366663,1.7878377787456712,-11.520384725620993
2018-03-31,15.760000228881836,65.02999877929688,14.120200941451234,0.1848638274804859,14.30506476893172
2018-04-30,12.359999656677246,66.61000061035156,-21.573607378340874,2.429650716151799,-19.143956662189076
2018-05-31,13.220000267028809,67.43000030517578,6.957933933978411,1.2310459199977641,8.188979853976175
2018-06-30,12.9399995803833,68.79669952392578,-2.1180081769274994,2.0268414838567006,-0.09116669307079883
2018-07-31,12.479999542236328,68.68499755859375,-3.554869034496111,-0.16236529674390487,-3.717234331240016
2018-08-31,12.600000381469728,71.40499877929688,0.9615452214343234,3.9601096562356997,4.921654877670023
2018-09-30,17.0,72.94999694824219,34.920630835862184,2.163711498295373,37.084342334157554
2018-10-31,19.799999237060547,73.6500015258789,16.47058374741499,0.9595676585612001,17.43015140597619
2018-11-30,19.15999984741211,69.91999816894531,-3.232320274288303,-5.064498682492157,-8.29681895678046
2018-12-31,16.0,69.92250061035156,-16.49269244560523,0.003579006681619923,-16.48911343892361
2019-01-31,17.1200008392334,71.12000274658203,7.00000524520874,1.7126134302656526,8.712618675474392
2019-02-28,18.280000686645508,71.19000244140625,6.775699711145888,0.09842476394952282,6.874124475095411
2019-03-31,16.649999618530273,69.5,-8.916854523457618,-2.3739322706123334,-11.290786794069952
2019-04-30,21.82999992370605,69.81179809570312,31.111113656788337,0.4486303535296665,31.559744010318003
2019-05-31,16.06999969482422,69.9800033569336,-26.385708882329507,0.24094102403704465,-26.14476785829246
2019-06-30,14.949999809265137,69.32499694824219,-6.9695078209603745,-0.9359908220503255,-7.9054986430107
2019-07-31,13.59000015258789,69.07749938964844,-9.096987786142963,-0.3570105582240912,-9.453998344367054
2019-08-31,16.280000686645508,71.6801986694336,19.793969859120054,3.767796030229764,23.561765889349818
2019-09-30,15.869999885559082,70.49870300292969,-2.5184323328852787,-1.648287377037816,-4.166719709923095
2019-10-31,16.280000686645508,70.98999786376953,2.5834959296975546,0.6968849637126295,3.280380893410184
2019-11-30,13.899999618530272,71.54740142822266,-14.619170563472716,0.7851860561015833,-13.833984507371133
2019-12-31,11.670000076293944,71.31099700927734,-16.043162614648466,-0.33041649902894044,-16.37357911367741
2020-01-31,17.3700008392334,71.63999938964844,48.84319387896363,0.4613627549314714,49.3045566338951
2020-02-29,23.239999771118164,71.93000030517578,33.79388974251674,0.4048030681156778,34.198692810632416
2020-03-31,64.41000366210938,75.4000015258789,177.15148148218063,4.824136251885203,181.97561773406582
2020-04-30,33.9900016784668,75.25849914550781,-47.22869159148616,-0.1876689356863248,-47.416360527172486
2020-05-31,30.21999931335449,75.95999908447266,-11.091503909811994,0.9321205537311306,-10.159383356080863
2020-06-30,29.1200008392334,75.69999694824219,-3.6399685609357024,-0.3422882298107055,-3.982256790746408
2020-07-31,24.190000534057617,74.98999786376953,-16.92994561502068,-0.937911642134015,-17.867857257154697
2020-08-31,22.84000015258789,73.12830352783203,-5.580819973811213,-2.4825901973214437,-8.063410171132656
2020-09-30,19.530000686645508,73.84500122070312,-14.492116654243292,0.9800551336437424,-13.512061520599548
2020-10-31,24.75,74.26399993896484,26.7281061435082,0.5674029539378678,27.295509097446068
2020-11-30,19.81999969482422,73.94090270996094,-19.91919315222538,-0.4350657509283762,-20.354258903153756
2020-12-31,21.100000381469727,73.13400268554688,6.458126671817088,-1.0912769452912863,5.3668497265258015
2021-01-31,25.34000015258789,72.93879699707031,20.094785281813476,-0.2669150891629557,19.82787019265052
2021-02-28,28.13999938964844,73.1509017944336,11.049720679558073,0.2907983214636811,11.340519001021754
2021-03-31,20.64999961853028,73.44529724121094,-26.61691518683339,0.40244951129193574,-26.214465675541454
2021-04-30,23.030000686645508,74.10579681396484,11.525429114194917,0.8993081893108545,12.424737303505772
2021-05-31,17.399999618530273,72.39350128173828,-24.44637820345322,-2.3106094338680494,-26.75698763732127
2021-06-30,13.050000190734863,74.28759765625,-24.999997259556505,2.6163900639925464,-22.383607195563958
2021-07-31,12.800000190734863,74.25199890136719,-1.9157087842611165,-0.047920185880201416,-1.9636289701413179
2021-08-31,14.520000457763672,73.41120147705078,13.437501885928182,-1.1323566190228562,12.305145266905326
2021-09-30,18.39999961853028,74.3219985961914,26.721756463113742,1.2406786713950568,27.962435134508798
2021-10-31,17.43000030517578,74.79720306396484,-5.27173550795964,0.6393860186071354,-4.632349489352505
2021-11-30,21.170000076293945,75.05490112304688,21.457255912999518,0.34452900446244605,21.801784917461966
2021-12-31,16.219999313354492,74.43119812011719,-23.382148063770856,-0.8309957026086501,-24.213143766379506
2022-01-31,21.950000762939453,75.03900146484375,35.32676752253159,0.8165975559679906,36.14336507849958
2022-02-28,28.56999969482422,75.06800079345703,30.15944738854872,0.03864567497857685,30.198093063527295
2022-03-31,20.559999465942383,75.82779693603516,-28.036402920693547,1.0121438356519352,-27.024259085041614
2022-04-30,19.420000076293945,76.58899688720703,-5.544744257103929,1.0038534441584535,-4.5408908129454755
2022-05-31,20.479999542236328,77.5208969116211,5.458287650762306,1.2167544455327972,6.675042096295103
2022-06-30,21.84000015258789,78.89830017089844,6.640628128661841,1.7768154319056428,8.417443560567484
2022-07-31,16.549999237060547,79.57150268554688,-24.221615744359394,0.8532535088718429,-23.368362235487552
2022-08-31,18.700000762939453,79.68229675292969,12.990946374573786,0.139238375101014,13.1301847496748
2022-09-30,19.96999931335449,81.48059844970703,6.79143582139301,2.256839687180867,9.048275508573877
2022-10-31,15.800000190734863,82.23919677734375,-20.881318307462493,0.9310171280896506,-19.950301179372843
2022-11-30,13.8100004196167,81.63089752197266,-12.594935108197669,-0.7396707156783311,-13.334605823876
2022-12-31,14.869999885559082,82.83509826660156,7.675593292790084,1.4751776363904012,9.150770929180485
2023-01-31,16.8799991607666,81.57990264892578,13.517143851221668,-1.5152944149785186,12.00184943624315
2023-02-28,14.020000457763672,82.6520004272461,-16.943121120825,1.3141689846505766,-15.628952136174425
2023-03-31,12.9399995803833,82.10050201416016,-7.703287033648509,-0.6672535573671867,-8.370540591015697
2023-04-30,10.949999809265137,81.76509857177734,-15.378669518157883,-0.408527882478682,-15.787197400636565
2023-05-31,11.970000267028809,82.68389892578125,9.315072835897386,1.1237072663678571,10.438780102265243
2023-06-30,10.800000190734863,82.07540130615234,-9.774436509552075,-0.7359324215892471,-10.510368931141322
2023-07-31,10.40999984741211,82.25279998779297,-3.611114226250922,0.2161411078319464,-3.3949731184189758
2023-08-31,12.0600004196167,82.70040130615234,15.850149821229586,0.54417760662957,16.394327427859157
2023-09-30,11.449999809265137,83.19300079345703,-5.058048002712678,0.5956434062285965,-4.462404596484082
2023-10-31,11.829999923706056,83.29650115966797,3.318778347344864,0.12440994461528909,3.443188291960153
2023-11-30,12.6899995803833,83.3302993774414,7.2696505682463775,0.040575795264974346,7.310226363511352
2023-12-31,14.5,82.302001953125,14.26320314789189,-1.2340018360653793,13.02920131182651
2024-01-31,16.049999237060547,83.10970306396484,10.6896499107624,0.9813869549611498,11.67103686572355
2024-02-29,15.56999969482422,82.91190338134766,-2.9906514956584807,-0.23799830263495636,-3.228649798293437
2024-03-31,12.829999923706056,83.39299774169922,-17.597943640480572,0.5802476372286369,-17.017696003251935
2024-04-30,12.869999885559082,83.45110321044922,0.3117689952524261,0.06967667588826387,0.38144567114068995
2024-05-31,24.600000381469727,83.3208999633789,91.14219580586334,-0.15602339820716127,90.98617240765617
2024-06-30,13.800000190734863,83.45089721679688,-43.9024391189445,0.15601998235148518,-43.74641913659301
2024-07-31,13.25,83.73899841308594,-3.98550857342832,0.3452343903991961,-3.640274183029124
2024-08-31,13.390000343322754,83.89510345458984,1.056606364700019,0.18641856776675514,1.2430249324667741
2024-09-30,12.789999961853027,83.71640014648438,-4.480958671288837,-0.21300803115666955,-4.693966702445507
2024-10-31,15.550000190734863,84.08910369873047,21.579360728019626,0.44519777677247685,22.024558504792104
2024-11-30,14.43000030517578,84.47160339355469,-7.202571522966361,0.4548742678892381,-6.747697255077123
2024-12-31,14.449999809265137,85.7865982055664,0.13859669900480043,1.5567300242723459,1.6953267232771463
2025-01-31,16.25,86.64700317382812,12.456748889233404,1.00295965367454,13.459708542907943
2025-02-28,13.90999984741211,87.3270034790039,-14.4000009390024,0.784793795824168,-13.615207143178232
2025-03-31,12.720000267028809,85.53880310058594,-8.554993482654094,-2.047706101409863,-10.602699584063958
2025-04-30,18.21999931335449,85.1707992553711,43.23898530554349,-0.43021860474491413,42.80876670079857
2025-05-31,16.079999923706055,85.36129760742188,-11.745331889666454,0.22366627261487526,-11.521665617051578
2025-06-30,12.789999961853027,85.4552993774414,-20.460198864819155,0.11012223648689812,-20.350076628332257
2025-07-31,11.539999961853027,87.714599609375,-9.773260388805339,2.643838648267627,-7.129421740537712
2025-08-31,11.75,87.5916976928711,1.8197577022630362,-0.14011569003475888,1.6796420122282774
2025-09-30,11.06999969482422,88.70449829101562,-5.7872366397938695,1.2704407237845938,-4.516795916009276
2025-10-31,12.149999618530272,88.6344985961914,9.756097140734376,-0.0789133540833209,9.677183786651055
2025-11-30,11.619999885559082,89.36479949951172,-4.362137856884152,0.8239465613129715,-3.5381912955711803
2025-12-31,9.68000030517578,89.9000015258789,-16.695349393198057,0.5988957949490059,-16.096453598249052
